{
  "meta": {
    "answerList": 3200,
    "mode": "hard",
    "guessPool": 3200,
    "source": "merged_general_words_3200_hard.json",
    "numCandidates": 3200,
    "generatedFrom": "merged_general_words_3200_hard.json"
  },
  "metrics": {
    "entropy": {
      "direction": "desc",
      "topN": 12,
      "cutoff": 5.706141111099108
    },
    "expected": {
      "direction": "asc",
      "topN": 12,
      "cutoff": 107.69437500000014
    },
    "maxBucket": {
      "direction": "asc",
      "topN": 12,
      "cutoff": 288
    },
    "E": {
      "direction": "asc",
      "topN": 12,
      "cutoff": 3.7131250000000042
    }
  },
  "top": {
    "E": [
      "LEAST",
      "SLANT",
      "SLATE",
      "LEANT",
      "CARTE",
      "TRACE",
      "CARET",
      "CRATE",
      "LEAPT",
      "TRANS",
      "REACT",
      "STALE"
    ],
    "entropy": [
      "RAISE",
      "CARET",
      "TASER",
      "LATER",
      "SANER",
      "CARTE",
      "ALTER",
      "ARISE",
      "ORATE",
      "IRATE",
      "CRATE",
      "AROSE"
    ],
    "expected": [
      "RAISE",
      "ORATE",
      "LATER",
      "ALTER",
      "SANER",
      "IRATE",
      "AROSE",
      "LASER",
      "ARISE",
      "TASER",
      "CARET",
      "ASTER"
    ],
    "maxBucket": [
      "AROSE",
      "ARISE",
      "RAISE",
      "ORATE",
      "OILER",
      "LAYER",
      "IRATE",
      "ATONE",
      "ALERT",
      "ALTER",
      "LATER",
      "LASER",
      "OPERA"
    ]
  },
  "stats": {
    "RAISE": {
      "rank": 2179,
      "entropy": 5.8314699363826845,
      "expected": 91.16187500000005,
      "maxBucket": 243,
      "E": 3.7615625000018467
    },
    "CARET": {
      "rank": 476,
      "entropy": 5.804832071272935,
      "expected": 104.94062500000015,
      "maxBucket": 342,
      "E": 3.7062500000000025
    },
    "TASER": {
      "rank": 2788,
      "entropy": 5.773649891837692,
      "expected": 99.61437500000015,
      "maxBucket": 320,
      "E": 3.718750000000003
    },
    "LATER": {
      "rank": 1546,
      "entropy": 5.764741959795021,
      "expected": 95.26250000000019,
      "maxBucket": 286,
      "E": 3.730625000000004
    },
    "SANER": {
      "rank": 2337,
      "entropy": 5.755725595828331,
      "expected": 97.13750000000014,
      "maxBucket": 304,
      "E": 3.7393750000000017
    },
    "CARTE": {
      "rank": 483,
      "entropy": 5.751779272863737,
      "expected": 110.23562500000014,
      "maxBucket": 342,
      "E": 3.7046875000000026
    },
    "ALTER": {
      "rank": 95,
      "entropy": 5.751025029214178,
      "expected": 96.14875000000015,
      "maxBucket": 286,
      "E": 3.7259375000000015
    },
    "ARISE": {
      "rank": 150,
      "entropy": 5.739479989068472,
      "expected": 99.08500000000015,
      "maxBucket": 243,
      "E": 3.7675000000015664
    },
    "ORATE": {
      "rank": 1906,
      "entropy": 5.7344375563950685,
      "expected": 94.54812500000016,
      "maxBucket": 253,
      "E": 3.7543750000020357
    },
    "IRATE": {
      "rank": 1445,
      "entropy": 5.733945532395239,
      "expected": 97.37687500000011,
      "maxBucket": 275,
      "E": 3.7525000000020357
    },
    "CRATE": {
      "rank": 651,
      "entropy": 5.711957796151035,
      "expected": 113.86562500000018,
      "maxBucket": 342,
      "E": 3.709062500000004
    },
    "AROSE": {
      "rank": 154,
      "entropy": 5.706141111099108,
      "expected": 97.8181250000001,
      "maxBucket": 238,
      "E": 3.7718750000018155
    },
    "LASER": {
      "rank": 1543,
      "entropy": 5.656785973573233,
      "expected": 98.92812500000018,
      "maxBucket": 288,
      "E": 3.759687500001567
    },
    "ASTER": {
      "rank": 170,
      "entropy": 5.5794742484547175,
      "expected": 107.69437500000014,
      "maxBucket": 320,
      "E": 3.7481250000016275
    },
    "OILER": {
      "rank": 1889,
      "entropy": 5.4846038874530665,
      "expected": 110.15625000000006,
      "maxBucket": 264,
      "E": 3.8000000000018472
    },
    "LAYER": {
      "rank": 1553,
      "entropy": 5.424799934511083,
      "expected": 113.97062500000015,
      "maxBucket": 270,
      "E": 3.827500000001692
    },
    "ATONE": {
      "rank": 174,
      "entropy": 5.497240001474047,
      "expected": 115.07937500000003,
      "maxBucket": 285,
      "E": 3.7634375000025
    },
    "ALERT": {
      "rank": 74,
      "entropy": 5.629179468407226,
      "expected": 112.36312500000024,
      "maxBucket": 286,
      "E": 3.7215625000000028
    },
    "OPERA": {
      "rank": 1901,
      "entropy": 5.07558841239719,
      "expected": 151.08312500000025,
      "maxBucket": 288,
      "E": 3.8293750000022837
    },
    "LEAST": {
      "rank": 1564,
      "entropy": 5.616708265517081,
      "expected": 125.5031250000001,
      "maxBucket": 351,
      "E": 3.6890625000000035
    },
    "SLANT": {
      "rank": 2505,
      "entropy": 5.291574420320735,
      "expected": 171.0543750000003,
      "maxBucket": 533,
      "E": 3.693437500000003
    },
    "SLATE": {
      "rank": 2507,
      "entropy": 5.698444441590403,
      "expected": 118.75375000000012,
      "maxBucket": 329,
      "E": 3.694062500000003
    },
    "LEANT": {
      "rank": 1559,
      "entropy": 5.563107069961063,
      "expected": 123.27625000000013,
      "maxBucket": 354,
      "E": 3.6981250000000014
    },
    "TRACE": {
      "rank": 2893,
      "entropy": 5.702707889184954,
      "expected": 114.96062500000015,
      "maxBucket": 342,
      "E": 3.704687500000005
    },
    "LEAPT": {
      "rank": 1560,
      "entropy": 5.357551652136376,
      "expected": 143.9043750000002,
      "maxBucket": 370,
      "E": 3.7096875000000047
    },
    "TRANS": {
      "rank": 2901,
      "entropy": 5.291474682477934,
      "expected": 154.24999999999994,
      "maxBucket": 470,
      "E": 3.7106250000000003
    },
    "REACT": {
      "rank": 2203,
      "entropy": 5.589423276310138,
      "expected": 123.49875000000016,
      "maxBucket": 342,
      "E": 3.712187500000003
    },
    "STALE": {
      "rank": 2649,
      "entropy": 5.583411784819866,
      "expected": 123.60687500000019,
      "maxBucket": 329,
      "E": 3.7131250000000042
    }
  }
}