{
  "meta": {
    "answerList": 3207,
    "mode": "nonhard",
    "guessPool": 3207,
    "source": "merged_simple_words_3207_3207.json",
    "numCandidates": 3207,
    "generatedFrom": "merged_simple_words_3207_3207.json"
  },
  "metrics": {
    "entropy": {
      "direction": "desc",
      "topN": 10,
      "cutoff": 5.730107433432293
    },
    "expected": {
      "direction": "asc",
      "topN": 10,
      "cutoff": 99.82694106641725
    },
    "maxBucket": {
      "direction": "asc",
      "topN": 10,
      "cutoff": 288
    },
    "E": {
      "direction": "asc",
      "topN": 10,
      "cutoff": 3.606797630185906
    }
  },
  "top": {
    "E": [
      "SLATE",
      "SLANT",
      "CARET",
      "CARTE",
      "TRACE",
      "CRATE",
      "TASER",
      "TRIED",
      "LEAST",
      "CRANE"
    ],
    "entropy": [
      "RAISE",
      "CARET",
      "TASER",
      "LATER",
      "SANER",
      "CARTE",
      "ALTER",
      "ARISE",
      "ORATE",
      "IRATE"
    ],
    "expected": [
      "RAISE",
      "ORATE",
      "LATER",
      "ALTER",
      "SANER",
      "IRATE",
      "AROSE",
      "LASER",
      "ARISE",
      "TASER"
    ],
    "maxBucket": [
      "AROSE",
      "ARISE",
      "RAISE",
      "ORATE",
      "OILER",
      "LAYER",
      "IRATE",
      "ATONE",
      "ALERT",
      "ALTER",
      "LASER",
      "LATER",
      "OPERA"
    ]
  },
  "stats": {
    "RAISE": {
      "rank": 2183,
      "entropy": 5.83193397018466,
      "expected": 91.33863423760533,
      "maxBucket": 243,
      "E": 3.6304957904583697
    },
    "CARET": {
      "rank": 476,
      "entropy": 5.801884380354798,
      "expected": 105.52697224820709,
      "maxBucket": 344,
      "E": 3.597754911134391
    },
    "TASER": {
      "rank": 2793,
      "entropy": 5.772511540576442,
      "expected": 99.82694106641725,
      "maxBucket": 320,
      "E": 3.603367633304457
    },
    "LATER": {
      "rank": 1549,
      "entropy": 5.762287106760479,
      "expected": 95.71156844402863,
      "maxBucket": 288,
      "E": 3.623323978798065
    },
    "SANER": {
      "rank": 2341,
      "entropy": 5.756666002441003,
      "expected": 97.24072341752415,
      "maxBucket": 304,
      "E": 3.6177112566284357
    },
    "CARTE": {
      "rank": 483,
      "entropy": 5.7489790956858995,
      "expected": 110.88587464920491,
      "maxBucket": 344,
      "E": 3.5983785469305243
    },
    "ALTER": {
      "rank": 95,
      "entropy": 5.748287227320932,
      "expected": 96.66697848456505,
      "maxBucket": 288,
      "E": 3.6164639850348284
    },
    "ARISE": {
      "rank": 150,
      "entropy": 5.739685207762074,
      "expected": 99.35173058933592,
      "maxBucket": 243,
      "E": 3.641409416902275
    },
    "ORATE": {
      "rank": 1910,
      "entropy": 5.730677332661476,
      "expected": 95.22139070782661,
      "maxBucket": 255,
      "E": 3.6473339569707184
    },
    "IRATE": {
      "rank": 1448,
      "entropy": 5.730107433432293,
      "expected": 98.06454630495787,
      "maxBucket": 276,
      "E": 3.649516682259713
    },
    "AROSE": {
      "rank": 154,
      "entropy": 5.705972372867834,
      "expected": 98.0714062987216,
      "maxBucket": 238,
      "E": 3.647957592768225
    },
    "LASER": {
      "rank": 1546,
      "entropy": 5.656471393513137,
      "expected": 99.08855628313066,
      "maxBucket": 288,
      "E": 3.6398503274106626
    },
    "OILER": {
      "rank": 1893,
      "entropy": 5.48350987907513,
      "expected": 110.58091674462118,
      "maxBucket": 267,
      "E": 3.677892111009168
    },
    "LAYER": {
      "rank": 1556,
      "entropy": 5.423643925398515,
      "expected": 114.236046149049,
      "maxBucket": 270,
      "E": 3.686311194265572
    },
    "ATONE": {
      "rank": 174,
      "entropy": 5.494754739057538,
      "expected": 115.69847209229808,
      "maxBucket": 287,
      "E": 3.6585594013120044
    },
    "ALERT": {
      "rank": 74,
      "entropy": 5.626046119438652,
      "expected": 112.9669473027752,
      "maxBucket": 288,
      "E": 3.631743062053788
    },
    "OPERA": {
      "rank": 1905,
      "entropy": 5.073564554393591,
      "expected": 151.67851574680384,
      "maxBucket": 288,
      "E": 3.7415029622719325
    },
    "SLATE": {
      "rank": 2512,
      "entropy": 5.698662334664739,
      "expected": 118.91269098846263,
      "maxBucket": 329,
      "E": 3.5952603679461173
    },
    "SLANT": {
      "rank": 2510,
      "entropy": 5.292326979182911,
      "expected": 171.1478016838165,
      "maxBucket": 533,
      "E": 3.5955721858453993
    },
    "TRACE": {
      "rank": 2898,
      "entropy": 5.699736381495549,
      "expected": 115.70657935765507,
      "maxBucket": 344,
      "E": 3.6008730901170214
    },
    "CRATE": {
      "rank": 651,
      "entropy": 5.708667519320053,
      "expected": 114.61895852821948,
      "maxBucket": 344,
      "E": 3.601184908015245
    },
    "TRIED": {
      "rank": 2919,
      "entropy": 5.55725693250302,
      "expected": 136.24789522918587,
      "maxBucket": 446,
      "E": 3.604926722795847
    },
    "LEAST": {
      "rank": 1567,
      "entropy": 5.619660589605114,
      "expected": 125.54942313688805,
      "maxBucket": 351,
      "E": 3.6061739943872753
    },
    "CRANE": {
      "rank": 647,
      "entropy": 5.619791139885457,
      "expected": 122.29279700654824,
      "maxBucket": 358,
      "E": 3.606797630185906
    }
  }
}